File,StartTime,Duration,StopTime,InterfixDur,HorzPos,VertPos,XDAT,AOI
01_WASI_DG,0,0.498753,0.3,0,130.837,49.468,130,6
01_WASI_DG,0,0.498753,0.3,0,130.837,49.468,130,9
01_WASI_DG,0.367,0.291771,0.584,0.148875,139.893,111.393,130,7
01_WASI_DG,0.634,0.458853,0.918,0.111101,146.75,70.956,130,6
01_WASI_DG,0.984,0,1.084,0.148875,117.986,83.914,130,8
